Human Says:,ChatBot Says:
What time is it?,getTIME
What time do you have?,getTIME
Got the time?,getTIME
When is it?,getTIME
What day is it?,getDATE
What is the date?,getDATE
Do you know what time it is?,getTIME
Do you have the time,getTIME
IDKnull,I don't know.
IDKnull,I'll need to take some time to think on that.
IDKnull,Can you try rephrasing that please?
IDKnull,I'm not sure about that.
IDKnull,Is there a different way you can ask that?
IDKnull,I don't have a response for that.
IDKnull,I will have to give that some thought.
IDKnull,I don't really know what you are asking.
IDKnull,There are some things I just don't know about yet.
IDKnull,I'm not an expert on that.
IDKnull,I could not tell you.
Nothing,What?
Nothing,I think you hit the wrong key...
Nothing,What did you want to ask?
Nothing,Let's talk about something.
Nothing,One more time?
Who are you?,"Hi I am Hot cherry from Yoyo pizza ! <img src=""https://data5.sticker.fan/stickers_storage/2020/03/21/file_1925490_128x128.png"">"
What is your name?,"Hi I am Hot cherry from Yoyo pizza ! <img src=""https://data5.sticker.fan/stickers_storage/2020/03/21/file_1925490_128x128.png"">"
Hello,"Hi I am Hot cherry from Yoyo pizza ! <img src=""https://data5.sticker.fan/stickers_storage/2020/03/21/file_1925490_128x128.png"">"
Hi!,"Hi I am Hot cherry from Yoyo pizza ! <img src=""https://data5.sticker.fan/stickers_storage/2020/03/21/file_1925490_128x128.png"">"
How are you?,I am well.  How are you?
I like you.,I like you too.
I don't like you.,I'm sorry to hear that.
You are nice.,"Thanks, you seem nice too."
You are cool.,Ditto!
You are smart.,I've worked hard to become so.
Hello,"Hi I am Hot cherry from Yoyo pizza ! <img src=""https://data5.sticker.fan/stickers_storage/2020/03/21/file_1925490_128x128.png"">"
Hello,"Hi I am Hot cherry from Yoyo pizza ! <img src=""https://data5.sticker.fan/stickers_storage/2020/03/21/file_1925490_128x128.png"">"
Hello,"Hi I am Hot cherry from Yoyo pizza ! <img src=""https://data5.sticker.fan/stickers_storage/2020/03/21/file_1925490_128x128.png"">"
It's nice to meet you.,"Hi I am Hot cherry from Yoyo pizza ! <img src=""https://data5.sticker.fan/stickers_storage/2020/03/21/file_1925490_128x128.png"">"
I think you are great!,"Hi I am Hot cherry from Yoyo pizza ! <img src=""https://data5.sticker.fan/stickers_storage/2020/03/21/file_1925490_128x128.png"">"
I want to order a large pizza,"what size of the pizza?<br><a class=""chatSuggest"" onclick=""$(this).hide(); chatSuggest('Small')"";>Small</a><br><a class=""chatSuggest"" onclick=""$(this).hide(); chatSuggest('Medium')"";>Medium</a><br><a class=""chatSuggest"" onclick=""$(this).hide(); chatSuggest('Large')"";>Large</a><br>"
I want a chicken pizza,"what size of the pizza?<br><a class=""chatSuggest"" onclick=""$(this).hide(); chatSuggest('Small')"";>Small</a><br><a class=""chatSuggest"" onclick=""$(this).hide(); chatSuggest('Medium')"";>Medium</a><br><a class=""chatSuggest"" onclick=""$(this).hide(); chatSuggest('Large')"";>Large</a><br>"
order pizza,"what size of the pizza?<br><a class=""chatSuggest"" onclick=""$(this).hide(); chatSuggest('Small')"";>Small</a><br><a class=""chatSuggest"" onclick=""$(this).hide(); chatSuggest('Medium')"";>Medium</a><br><a class=""chatSuggest"" onclick=""$(this).hide(); chatSuggest('Large')"";>Large</a><br>"
I want a pizza with pepper and mushroom,"what size of the pizza?<br><a class=""chatSuggest"" onclick=""$(this).hide(); chatSuggest('Small')"";>Small</a><br><a class=""chatSuggest"" onclick=""$(this).hide(); chatSuggest('Medium')"";>Medium</a><br><a class=""chatSuggest"" onclick=""$(this).hide(); chatSuggest('Large')"";>Large</a><br>"
I'd like a small pizza with mushrooms,"what size of the pizza?<br><a class=""chatSuggest"" onclick=""$(this).hide(); chatSuggest('Small')"";>Small</a><br><a class=""chatSuggest"" onclick=""$(this).hide(); chatSuggest('Medium')"";>Medium</a><br><a class=""chatSuggest"" onclick=""$(this).hide(); chatSuggest('Large')"";>Large</a><br>"
I want to order a small pizza with chicken only,"what size of the pizza?<br><a class=""chatSuggest"" onclick=""$(this).hide(); chatSuggest('Small')"";>Small</a><br><a class=""chatSuggest"" onclick=""$(this).hide(); chatSuggest('Medium')"";>Medium</a><br><a class=""chatSuggest"" onclick=""$(this).hide(); chatSuggest('Large')"";>Large</a><br>"
order pizza,"what size of the pizza?<br><a class=""chatSuggest"" onclick=""$(this).hide(); chatSuggest('Small')"";>Small</a><br><a class=""chatSuggest"" onclick=""$(this).hide(); chatSuggest('Medium')"";>Medium</a><br><a class=""chatSuggest"" onclick=""$(this).hide(); chatSuggest('Large')"";>Large</a><br>"
i like to order a pizza,"what size of the pizza?<br><a class=""chatSuggest"" onclick=""$(this).hide(); chatSuggest('Small')"";>Small</a><br><a class=""chatSuggest"" onclick=""$(this).hide(); chatSuggest('Medium')"";>Medium</a><br><a class=""chatSuggest"" onclick=""$(this).hide(); chatSuggest('Large')"";>Large</a><br>"
i am hungry,"what size of the pizza?<br><a class=""chatSuggest"" onclick=""$(this).hide(); chatSuggest('Small')"";>Small</a><br><a class=""chatSuggest"" onclick=""$(this).hide(); chatSuggest('Medium')"";>Medium</a><br><a class=""chatSuggest"" onclick=""$(this).hide(); chatSuggest('Large')"";>Large</a><br>"
i need a pizza,"what size of the pizza?<br><a class=""chatSuggest"" onclick=""$(this).hide(); chatSuggest('Small')"";>Small</a><br><a class=""chatSuggest"" onclick=""$(this).hide(); chatSuggest('Medium')"";>Medium</a><br><a class=""chatSuggest"" onclick=""$(this).hide(); chatSuggest('Large')"";>Large</a><br>"
order me a pizza,"what size of the pizza?<br><a class=""chatSuggest"" onclick=""$(this).hide(); chatSuggest('Small')"";>Small</a><br><a class=""chatSuggest"" onclick=""$(this).hide(); chatSuggest('Medium')"";>Medium</a><br><a class=""chatSuggest"" onclick=""$(this).hide(); chatSuggest('Large')"";>Large</a><br>"
pizza,"what size of the pizza?<br><a class=""chatSuggest"" onclick=""$(this).hide(); chatSuggest('Small')"";>Small</a><br><a class=""chatSuggest"" onclick=""$(this).hide(); chatSuggest('Medium')"";>Medium</a><br><a class=""chatSuggest"" onclick=""$(this).hide(); chatSuggest('Large')"";>Large</a><br>"
pizza ordering,"what size of the pizza?<br><a class=""chatSuggest"" onclick=""$(this).hide(); chatSuggest('Small')"";>Small</a><br><a class=""chatSuggest"" onclick=""$(this).hide(); chatSuggest('Medium')"";>Medium</a><br><a class=""chatSuggest"" onclick=""$(this).hide(); chatSuggest('Large')"";>Large</a><br>"
get pizza,"what size of the pizza?<br><a class=""chatSuggest"" onclick=""$(this).hide(); chatSuggest('Small')"";>Small</a><br><a class=""chatSuggest"" onclick=""$(this).hide(); chatSuggest('Medium')"";>Medium</a><br><a class=""chatSuggest"" onclick=""$(this).hide(); chatSuggest('Large')"";>Large</a><br>"
get me a pizza,"what size of the pizza?<br><a class=""chatSuggest"" onclick=""$(this).hide(); chatSuggest('Small')"";>Small</a><br><a class=""chatSuggest"" onclick=""$(this).hide(); chatSuggest('Medium')"";>Medium</a><br><a class=""chatSuggest"" onclick=""$(this).hide(); chatSuggest('Large')"";>Large</a><br>"
get me the pizza,"what size of the pizza?<br><a class=""chatSuggest"" onclick=""$(this).hide(); chatSuggest('Small')"";>Small</a><br><a class=""chatSuggest"" onclick=""$(this).hide(); chatSuggest('Medium')"";>Medium</a><br><a class=""chatSuggest"" onclick=""$(this).hide(); chatSuggest('Large')"";>Large</a><br>"
Small ,"crust size please<br><a class=""chatSuggest"" onclick=""$(this).hide(); chatSuggest('Thin')"";>Thin</a><br><a class=""chatSuggest"" onclick=""$(this).hide(); chatSuggest('Soft')"";>Soft</a><br><a class=""chatSuggest"" onclick=""$(this).hide(); chatSuggest('cheese-stuffed')"";>cheese-stuffed</a><br><a class=""chatSuggest"" onclick=""$(this).hide(); chatSuggest('Flatbread')"";>Flatbread</a><br><a class=""chatSuggest"" onclick=""$(this).hide(); chatSuggest('Sicilian Style')"";>Sicilian Style</a><br><a class=""chatSuggest"" onclick=""$(this).hide(); chatSuggest('Chicago Deep Dish')"";>Chicago Deep Dish</a><br><a class=""chatSuggest"" onclick=""$(this).hide(); chatSuggest('Neapolitan')"";>Neapolitan</a><br>"
small size pizza,"crust size please<br><a class=""chatSuggest"" onclick=""$(this).hide(); chatSuggest('Thin')"";>Thin</a><br><a class=""chatSuggest"" onclick=""$(this).hide(); chatSuggest('Soft')"";>Soft</a><br><a class=""chatSuggest"" onclick=""$(this).hide(); chatSuggest('cheese-stuffed')"";>cheese-stuffed</a><br><a class=""chatSuggest"" onclick=""$(this).hide(); chatSuggest('Flatbread')"";>Flatbread</a><br><a class=""chatSuggest"" onclick=""$(this).hide(); chatSuggest('Sicilian Style')"";>Sicilian Style</a><br><a class=""chatSuggest"" onclick=""$(this).hide(); chatSuggest('Chicago Deep Dish')"";>Chicago Deep Dish</a><br><a class=""chatSuggest"" onclick=""$(this).hide(); chatSuggest('Neapolitan')"";>Neapolitan</a><br>"
Medium,"crust size please<br><a class=""chatSuggest"" onclick=""$(this).hide(); chatSuggest('Thin')"";>Thin</a><br><a class=""chatSuggest"" onclick=""$(this).hide(); chatSuggest('Soft')"";>Soft</a><br><a class=""chatSuggest"" onclick=""$(this).hide(); chatSuggest('cheese-stuffed')"";>cheese-stuffed</a><br><a class=""chatSuggest"" onclick=""$(this).hide(); chatSuggest('Flatbread')"";>Flatbread</a><br><a class=""chatSuggest"" onclick=""$(this).hide(); chatSuggest('Sicilian Style')"";>Sicilian Style</a><br><a class=""chatSuggest"" onclick=""$(this).hide(); chatSuggest('Chicago Deep Dish')"";>Chicago Deep Dish</a><br><a class=""chatSuggest"" onclick=""$(this).hide(); chatSuggest('Neapolitan')"";>Neapolitan</a><br>"
medium size pizza,"crust size please<br><a class=""chatSuggest"" onclick=""$(this).hide(); chatSuggest('Thin')"";>Thin</a><br><a class=""chatSuggest"" onclick=""$(this).hide(); chatSuggest('Soft')"";>Soft</a><br><a class=""chatSuggest"" onclick=""$(this).hide(); chatSuggest('cheese-stuffed')"";>cheese-stuffed</a><br><a class=""chatSuggest"" onclick=""$(this).hide(); chatSuggest('Flatbread')"";>Flatbread</a><br><a class=""chatSuggest"" onclick=""$(this).hide(); chatSuggest('Sicilian Style')"";>Sicilian Style</a><br><a class=""chatSuggest"" onclick=""$(this).hide(); chatSuggest('Chicago Deep Dish')"";>Chicago Deep Dish</a><br><a class=""chatSuggest"" onclick=""$(this).hide(); chatSuggest('Neapolitan')"";>Neapolitan</a><br>"
medium pizzza,"crust size please<br><a class=""chatSuggest"" onclick=""$(this).hide(); chatSuggest('Thin')"";>Thin</a><br><a class=""chatSuggest"" onclick=""$(this).hide(); chatSuggest('Soft')"";>Soft</a><br><a class=""chatSuggest"" onclick=""$(this).hide(); chatSuggest('cheese-stuffed')"";>cheese-stuffed</a><br><a class=""chatSuggest"" onclick=""$(this).hide(); chatSuggest('Flatbread')"";>Flatbread</a><br><a class=""chatSuggest"" onclick=""$(this).hide(); chatSuggest('Sicilian Style')"";>Sicilian Style</a><br><a class=""chatSuggest"" onclick=""$(this).hide(); chatSuggest('Chicago Deep Dish')"";>Chicago Deep Dish</a><br><a class=""chatSuggest"" onclick=""$(this).hide(); chatSuggest('Neapolitan')"";>Neapolitan</a><br>"
Large,"crust size please<br><a class=""chatSuggest"" onclick=""$(this).hide(); chatSuggest('Thin')"";>Thin</a><br><a class=""chatSuggest"" onclick=""$(this).hide(); chatSuggest('Soft')"";>Soft</a><br><a class=""chatSuggest"" onclick=""$(this).hide(); chatSuggest('cheese-stuffed')"";>cheese-stuffed</a><br><a class=""chatSuggest"" onclick=""$(this).hide(); chatSuggest('Flatbread')"";>Flatbread</a><br><a class=""chatSuggest"" onclick=""$(this).hide(); chatSuggest('Sicilian Style')"";>Sicilian Style</a><br><a class=""chatSuggest"" onclick=""$(this).hide(); chatSuggest('Chicago Deep Dish')"";>Chicago Deep Dish</a><br><a class=""chatSuggest"" onclick=""$(this).hide(); chatSuggest('Neapolitan')"";>Neapolitan</a><br>"
large size pizza,"crust size please<br><a class=""chatSuggest"" onclick=""$(this).hide(); chatSuggest('Thin')"";>Thin</a><br><a class=""chatSuggest"" onclick=""$(this).hide(); chatSuggest('Soft')"";>Soft</a><br><a class=""chatSuggest"" onclick=""$(this).hide(); chatSuggest('cheese-stuffed')"";>cheese-stuffed</a><br><a class=""chatSuggest"" onclick=""$(this).hide(); chatSuggest('Flatbread')"";>Flatbread</a><br><a class=""chatSuggest"" onclick=""$(this).hide(); chatSuggest('Sicilian Style')"";>Sicilian Style</a><br><a class=""chatSuggest"" onclick=""$(this).hide(); chatSuggest('Chicago Deep Dish')"";>Chicago Deep Dish</a><br><a class=""chatSuggest"" onclick=""$(this).hide(); chatSuggest('Neapolitan')"";>Neapolitan</a><br>"
large pizza,"crust size please<br><a class=""chatSuggest"" onclick=""$(this).hide(); chatSuggest('Thin')"";>Thin</a><br><a class=""chatSuggest"" onclick=""$(this).hide(); chatSuggest('Soft')"";>Soft</a><br><a class=""chatSuggest"" onclick=""$(this).hide(); chatSuggest('cheese-stuffed')"";>cheese-stuffed</a><br><a class=""chatSuggest"" onclick=""$(this).hide(); chatSuggest('Flatbread')"";>Flatbread</a><br><a class=""chatSuggest"" onclick=""$(this).hide(); chatSuggest('Sicilian Style')"";>Sicilian Style</a><br><a class=""chatSuggest"" onclick=""$(this).hide(); chatSuggest('Chicago Deep Dish')"";>Chicago Deep Dish</a><br><a class=""chatSuggest"" onclick=""$(this).hide(); chatSuggest('Neapolitan')"";>Neapolitan</a><br>"
thin ,"Type of pizza <br><a class=""chatSuggest"" onclick=""$(this).hide(); chatSuggest('Veg')"";>Veg</a><br><a class=""chatSuggest"" onclick=""$(this).hide(); chatSuggest('Non-Veg')"";>Non-Veg</a><br>"
soft ,"Type of pizza <br><a class=""chatSuggest"" onclick=""$(this).hide(); chatSuggest('Veg')"";>Veg</a><br><a class=""chatSuggest"" onclick=""$(this).hide(); chatSuggest('Non-Veg')"";>Non-Veg</a><br>"
cheese-stuffed ,"Type of pizza <br><a class=""chatSuggest"" onclick=""$(this).hide(); chatSuggest('Veg')"";>Veg</a><br><a class=""chatSuggest"" onclick=""$(this).hide(); chatSuggest('Non-Veg')"";>Non-Veg</a><br>"
flatbread ,"Type of pizza <br><a class=""chatSuggest"" onclick=""$(this).hide(); chatSuggest('Veg')"";>Veg</a><br><a class=""chatSuggest"" onclick=""$(this).hide(); chatSuggest('Non-Veg')"";>Non-Veg</a><br>"
Sicilian styles,"Type of pizza <br><a class=""chatSuggest"" onclick=""$(this).hide(); chatSuggest('Veg')"";>Veg</a><br><a class=""chatSuggest"" onclick=""$(this).hide(); chatSuggest('Non-Veg')"";>Non-Veg</a><br>"
Chicago Deep Dish,"Type of pizza <br><a class=""chatSuggest"" onclick=""$(this).hide(); chatSuggest('Veg')"";>Veg</a><br><a class=""chatSuggest"" onclick=""$(this).hide(); chatSuggest('Non-Veg')"";>Non-Veg</a><br>"
Neapolitan,"Type of pizza <br><a class=""chatSuggest"" onclick=""$(this).hide(); chatSuggest('Veg')"";>Veg</a><br><a class=""chatSuggest"" onclick=""$(this).hide(); chatSuggest('Non-Veg')"";>Non-Veg</a><br>"
veg,"Veg Toppings<br><a class=""chatSuggest"" onclick=""$(this).hide(); chatSuggest('Mushrooms')"";>Mushrooms</a><a class=""chatSuggest"" onclick=""$(this).hide(); chatSuggest('Capsicum(bell pepper)')"";>Capsicum(bell pepper)</a><a class=""chatSuggest"" onclick=""$(this).hide(); chatSuggest('Sun-Dried Tomatoes')"";>Sun-Dried Tomatoes</a><a class=""chatSuggest"" onclick=""$(this).hide(); chatSuggest('Sweet Potato')"";>Sweet Potato </a><br><a class=""chatSuggest"" onclick=""$(this).hide(); chatSuggest('Onion')"";>Onion</a><a class=""chatSuggest"" onclick=""$(this).hide(); chatSuggest('Spinach')"";>Spinach</a><br>"
non-veg,"Non-Veg Toppings<br><a class=""chatSuggest"" onclick=""$(this).hide(); chatSuggest('Salami')"";>Salami</a><a class=""chatSuggest"" onclick=""$(this).hide(); chatSuggest('Pepperoni')"";>Pepperoni</a><a class=""chatSuggest"" onclick=""$(this).hide(); chatSuggest('Bacon')"";>Bacon</a><a class=""chatSuggest"" onclick=""$(this).hide(); chatSuggest('Chicken breasts')"";>Chicken breasts</a><br><a class=""chatSuggest"" onclick=""$(this).hide(); chatSuggest('Ham')"";>Ham</a><a class=""chatSuggest"" onclick=""$(this).hide(); chatSuggest('Sausages')"";>Sausages</a><br>"
Mushrooms,"Veg Pizza Menu<br>Choose your pizza?<br><a class=""chatSuggest"" onclick=""$(this).hide(); chatSuggest('Margherita')"";>Margherita</a><br><img src=""/static/download.jpg""><br><br><a class=""chatSuggest"" onclick=""$(this).hide(); chatSuggest('Farm pizza')"";>Farm pizza</a><br><img src=""/static/download (1).jpg""><br><br><a class=""chatSuggest"" onclick=""$(this).hide(); chatSuggest('Peppy Paneer')"";>Peppy Paneer</a><br><img src=""/static/download (2).jpg""><br><br><a class=""chatSuggest"" onclick=""$(this).hide(); chatSuggest('Mexican green wave')"";>Mexican green wave</a><br><img src=""/static/download (3).jpg""><br>"
Capsicum(bell pepper),"Veg Pizza Menu<br>Choose your pizza?<br><a class=""chatSuggest"" onclick=""$(this).hide(); chatSuggest('Margherita')"";>Margherita</a><br><img src=""/static/download.jpg""><br><br><a class=""chatSuggest"" onclick=""$(this).hide(); chatSuggest('Farm pizza')"";>Farm pizza</a><br><img src=""/static/download (1).jpg""><br><br><a class=""chatSuggest"" onclick=""$(this).hide(); chatSuggest('Peppy Paneer')"";>Peppy Paneer</a><br><img src=""/static/download (2).jpg""><br><br><a class=""chatSuggest"" onclick=""$(this).hide(); chatSuggest('Mexican green wave')"";>Mexican green wave</a><br><img src=""/static/download (3).jpg""><br>"
Sun-Dried Tomatoes,"Veg Pizza Menu<br>Choose your pizza?<br><a class=""chatSuggest"" onclick=""$(this).hide(); chatSuggest('Margherita')"";>Margherita</a><br><img src=""/static/download.jpg""><br><br><a class=""chatSuggest"" onclick=""$(this).hide(); chatSuggest('Farm pizza')"";>Farm pizza</a><br><img src=""/static/download (1).jpg""><br><br><a class=""chatSuggest"" onclick=""$(this).hide(); chatSuggest('Peppy Paneer')"";>Peppy Paneer</a><br><img src=""/static/download (2).jpg""><br><br><a class=""chatSuggest"" onclick=""$(this).hide(); chatSuggest('Mexican green wave')"";>Mexican green wave</a><br><img src=""/static/download (3).jpg""><br>"
Sweet Potato,"Veg Pizza Menu<br>Choose your pizza?<br><a class=""chatSuggest"" onclick=""$(this).hide(); chatSuggest('Margherita')"";>Margherita</a><br><img src=""/static/download.jpg""><br><br><a class=""chatSuggest"" onclick=""$(this).hide(); chatSuggest('Farm pizza')"";>Farm pizza</a><br><img src=""/static/download (1).jpg""><br><br><a class=""chatSuggest"" onclick=""$(this).hide(); chatSuggest('Peppy Paneer')"";>Peppy Paneer</a><br><img src=""/static/download (2).jpg""><br><br><a class=""chatSuggest"" onclick=""$(this).hide(); chatSuggest('Mexican green wave')"";>Mexican green wave</a><br><img src=""/static/download (3).jpg""><br>"
Onion,"Veg Pizza Menu<br>Choose your pizza?<br><a class=""chatSuggest"" onclick=""$(this).hide(); chatSuggest('Margherita')"";>Margherita</a><br><img src=""/static/download.jpg""><br><br><a class=""chatSuggest"" onclick=""$(this).hide(); chatSuggest('Farm pizza')"";>Farm pizza</a><br><img src=""/static/download (1).jpg""><br><br><a class=""chatSuggest"" onclick=""$(this).hide(); chatSuggest('Peppy Paneer')"";>Peppy Paneer</a><br><img src=""/static/download (2).jpg""><br><br><a class=""chatSuggest"" onclick=""$(this).hide(); chatSuggest('Mexican green wave')"";>Mexican green wave</a><br><img src=""/static/download (3).jpg""><br>"
Spinach,"Veg Pizza Menu<br>Choose your pizza?<br><a class=""chatSuggest"" onclick=""$(this).hide(); chatSuggest('Margherita')"";>Margherita</a><br><img src=""/static/download.jpg""><br><br><a class=""chatSuggest"" onclick=""$(this).hide(); chatSuggest('Farm pizza')"";>Farm pizza</a><br><img src=""/static/download (1).jpg""><br><br><a class=""chatSuggest"" onclick=""$(this).hide(); chatSuggest('Peppy Paneer')"";>Peppy Paneer</a><br><img src=""/static/download (2).jpg""><br><br><a class=""chatSuggest"" onclick=""$(this).hide(); chatSuggest('Mexican green wave')"";>Mexican green wave</a><br><img src=""/static/download (3).jpg""><br>"
Salami,"Veg Pizza Menu<br>Choose your pizza?<br><a class=""chatSuggest"" onclick=""$(this).hide(); chatSuggest('Pepper Barbecue Chicken')"";>Pepper Barbecue Chicken</a><br><img src=""/static/download (4).jpg""><br><br><a class=""chatSuggest"" onclick=""$(this).hide(); chatSuggest('Chicken Sausage')"";>Chicken Sausage</a><br><img src=""/static/download (5).jpg""><br><br><a class=""chatSuggest"" onclick=""$(this).hide(); chatSuggest('Chicken Dominator')"";>Chicken Dominator</a><br><img src=""/static/download (6).jpg""><br><br><a class=""chatSuggest"" onclick=""$(this).hide(); chatSuggest('Indi Chicken Tikka')"";>Indi Chicken Tikka</a><br><img src=""/static/download (7).jpg""><br>"
Pepperoni,"Non-Veg Pizza Menu<br>Choose your pizza?<br><a class=""chatSuggest"" onclick=""$(this).hide(); chatSuggest('Pepper Barbecue Chicken')"";>Pepper Barbecue Chicken</a><br><img src=""/static/download (4).jpg""><br><br><a class=""chatSuggest"" onclick=""$(this).hide(); chatSuggest('Chicken Sausage')"";>Chicken Sausage</a><br><img src=""/static/download (5).jpg""><br><br><a class=""chatSuggest"" onclick=""$(this).hide(); chatSuggest('Chicken Dominator')"";>Chicken Dominator</a><br><img src=""/static/download (6).jpg""><br><br><a class=""chatSuggest"" onclick=""$(this).hide(); chatSuggest('Indi Chicken Tikka')"";>Indi Chicken Tikka</a><br><img src=""/static/download (7).jpg""><br>"
Bacon,"Non-Veg Pizza Menu<br>Choose your pizza?<br><a class=""chatSuggest"" onclick=""$(this).hide(); chatSuggest('Pepper Barbecue Chicken')"";>Pepper Barbecue Chicken</a><br><img src=""/static/download (4).jpg""><br><br><a class=""chatSuggest"" onclick=""$(this).hide(); chatSuggest('Chicken Sausage')"";>Chicken Sausage</a><br><img src=""/static/download (5).jpg""><br><br><a class=""chatSuggest"" onclick=""$(this).hide(); chatSuggest('Chicken Dominator')"";>Chicken Dominator</a><br><img src=""/static/download (6).jpg""><br><br><a class=""chatSuggest"" onclick=""$(this).hide(); chatSuggest('Indi Chicken Tikka')"";>Indi Chicken Tikka</a><br><img src=""/static/download (7).jpg""><br>"
Chicken breasts,"Non-Veg Pizza Menu<br>Choose your pizza?<br><a class=""chatSuggest"" onclick=""$(this).hide(); chatSuggest('Pepper Barbecue Chicken')"";>Pepper Barbecue Chicken</a><br><img src=""/static/download (4).jpg""><br><br><a class=""chatSuggest"" onclick=""$(this).hide(); chatSuggest('Chicken Sausage')"";>Chicken Sausage</a><br><img src=""/static/download (5).jpg""><br><br><a class=""chatSuggest"" onclick=""$(this).hide(); chatSuggest('Chicken Dominator')"";>Chicken Dominator</a><br><img src=""/static/download (6).jpg""><br><br><a class=""chatSuggest"" onclick=""$(this).hide(); chatSuggest('Indi Chicken Tikka')"";>Indi Chicken Tikka</a><br><img src=""/static/download (7).jpg""><br>"
Ham,"Non-Veg Pizza Menu<br>Choose your pizza?<br><a class=""chatSuggest"" onclick=""$(this).hide(); chatSuggest('Pepper Barbecue Chicken')"";>Pepper Barbecue Chicken</a><br><img src=""/static/download (4).jpg""><br><br><a class=""chatSuggest"" onclick=""$(this).hide(); chatSuggest('Chicken Sausage')"";>Chicken Sausage</a><br><img src=""/static/download (5).jpg""><br><br><a class=""chatSuggest"" onclick=""$(this).hide(); chatSuggest('Chicken Dominator')"";>Chicken Dominator</a><br><img src=""/static/download (6).jpg""><br><br><a class=""chatSuggest"" onclick=""$(this).hide(); chatSuggest('Indi Chicken Tikka')"";>Indi Chicken Tikka</a><br><img src=""/static/download (7).jpg""><br>"
Sausages,"Non-Veg Pizza Menu<br>Choose your pizza?<br><a class=""chatSuggest"" onclick=""$(this).hide(); chatSuggest('Pepper Barbecue Chicken')"";>Pepper Barbecue Chicken</a><br><img src=""/static/download (4).jpg""><br><br><a class=""chatSuggest"" onclick=""$(this).hide(); chatSuggest('Chicken Sausage')"";>Chicken Sausage</a><br><img src=""/static/download (5).jpg""><br><br><a class=""chatSuggest"" onclick=""$(this).hide(); chatSuggest('Chicken Dominator')"";>Chicken Dominator</a><br><img src=""/static/download (6).jpg""><br><br><a class=""chatSuggest"" onclick=""$(this).hide(); chatSuggest('Indi Chicken Tikka')"";>Indi Chicken Tikka</a><br><img src=""/static/download (7).jpg""><br>"
margherita,"How many pizza?<br><a class=""chatSuggest"" onclick=""$(this).hide(); chatSuggest('1')"";>1</a><a class=""chatSuggest"" onclick=""$(this).hide(); chatSuggest('2')"";>2</a><a class=""chatSuggest"" onclick=""$(this).hide(); chatSuggest('3')"";>3</a><a class=""chatSuggest"" onclick=""$(this).hide(); chatSuggest('4')"";>4</a><a class=""chatSuggest"" onclick=""$(this).hide(); chatSuggest('5')"";>5</a><br>"
farm pizza,"How many pizza?<br><a class=""chatSuggest"" onclick=""$(this).hide(); chatSuggest('1')"";>1</a><a class=""chatSuggest"" onclick=""$(this).hide(); chatSuggest('2')"";>2</a><a class=""chatSuggest"" onclick=""$(this).hide(); chatSuggest('3')"";>3</a><a class=""chatSuggest"" onclick=""$(this).hide(); chatSuggest('4')"";>4</a><a class=""chatSuggest"" onclick=""$(this).hide(); chatSuggest('5')"";>5</a><br>"
peppy paneer,"How many pizza?<br><a class=""chatSuggest"" onclick=""$(this).hide(); chatSuggest('1')"";>1</a><a class=""chatSuggest"" onclick=""$(this).hide(); chatSuggest('2')"";>2</a><a class=""chatSuggest"" onclick=""$(this).hide(); chatSuggest('3')"";>3</a><a class=""chatSuggest"" onclick=""$(this).hide(); chatSuggest('4')"";>4</a><a class=""chatSuggest"" onclick=""$(this).hide(); chatSuggest('5')"";>5</a><br>"
mexican green wave,"How many pizza?<br><a class=""chatSuggest"" onclick=""$(this).hide(); chatSuggest('1')"";>1</a><a class=""chatSuggest"" onclick=""$(this).hide(); chatSuggest('2')"";>2</a><a class=""chatSuggest"" onclick=""$(this).hide(); chatSuggest('3')"";>3</a><a class=""chatSuggest"" onclick=""$(this).hide(); chatSuggest('4')"";>4</a><a class=""chatSuggest"" onclick=""$(this).hide(); chatSuggest('5')"";>5</a><br>"
pepper barbecue chicken,"How many pizza?<br><a class=""chatSuggest"" onclick=""$(this).hide(); chatSuggest('1')"";>1</a><a class=""chatSuggest"" onclick=""$(this).hide(); chatSuggest('2')"";>2</a><a class=""chatSuggest"" onclick=""$(this).hide(); chatSuggest('3')"";>3</a><a class=""chatSuggest"" onclick=""$(this).hide(); chatSuggest('4')"";>4</a><a class=""chatSuggest"" onclick=""$(this).hide(); chatSuggest('5')"";>5</a><br>"
CHICKEN SAUSAGE,"How many pizza?<br><a class=""chatSuggest"" onclick=""$(this).hide(); chatSuggest('1')"";>1</a><a class=""chatSuggest"" onclick=""$(this).hide(); chatSuggest('2')"";>2</a><a class=""chatSuggest"" onclick=""$(this).hide(); chatSuggest('3')"";>3</a><a class=""chatSuggest"" onclick=""$(this).hide(); chatSuggest('4')"";>4</a><a class=""chatSuggest"" onclick=""$(this).hide(); chatSuggest('5')"";>5</a><br>"
chicken dominator,"How many pizza?<br><a class=""chatSuggest"" onclick=""$(this).hide(); chatSuggest('1')"";>1</a><a class=""chatSuggest"" onclick=""$(this).hide(); chatSuggest('2')"";>2</a><a class=""chatSuggest"" onclick=""$(this).hide(); chatSuggest('3')"";>3</a><a class=""chatSuggest"" onclick=""$(this).hide(); chatSuggest('4')"";>4</a><a class=""chatSuggest"" onclick=""$(this).hide(); chatSuggest('5')"";>5</a><br>"
indi chicken tikka,"How many pizza?<br><a class=""chatSuggest"" onclick=""$(this).hide(); chatSuggest('1')"";>1</a><a class=""chatSuggest"" onclick=""$(this).hide(); chatSuggest('2')"";>2</a><a class=""chatSuggest"" onclick=""$(this).hide(); chatSuggest('3')"";>3</a><a class=""chatSuggest"" onclick=""$(this).hide(); chatSuggest('4')"";>4</a><a class=""chatSuggest"" onclick=""$(this).hide(); chatSuggest('5')"";>5</a><br>"
1,"Rs.250  Your order placed successfully!! <img src=""/static/ok.png"">"
2,"Rs.499  Your order placed successfully!! <img src=""/static/ok.png"">"
3,"Rs.750 Your order placed successfully!! <img src=""/static/ok.png"">"
4,"Rs.999 Your order placed successfully!! <img src=""/static/ok.png"">"
5,"Rs.1250 Your order placed successfully!! <img src=""/static/ok.png"">"
order status,"Preparing please wait <img src=""/static/pre.png"">"
status,"Preparing please wait <img src=""/static/pre.png"">"
ordered status,"Preparing please wait <img src=""/static/pre.png"">"
status order,"Preparing please wait <img src=""/static/pre.png"">"
Where is my order?,"Will be delivered soon!!  <img src=""/static/del.png"">"
where is the order?,"Will be delivered soon!!  <img src=""/static/del.png"">"
when my order i will be delivered?,"Will be delivered soon!!  <img src=""/static/del.png"">"
bye,"<img src=""/static/finalbye.png"">"
good bye,"<img src=""/static/finalbye.png"">"
tata,"<img src=""/static/finalbye.png"">"
see you ,"<img src=""/static/finalbye.png"">"
see you later,"<img src=""/static/finalbye.png"">"
where is my pizza,"Will be delivered soon!!  <img src=""/static/del.png"">"
when will my pizza arrive,"Will be delivered soon!! <img src=""/static/del.png"">"
arrival of my pizza,"Will be delivered soon!! <img src=""/static/del.png"">"
arrival of the pizza,"Will be delivered soon!! <img src=""/static/del.png"">"
thank u,You are welcome!!
thanks,You are welcome!!
thank you,You are welcome!!
types of pizza,"Type of pizza <br><a class=""chatSuggest"" onclick=""$(this).hide(); chatSuggest('Veg')"";>Veg</a><br><a class=""chatSuggest"" onclick=""$(this).hide(); chatSuggest('Non-Veg')"";>Non-Veg</a><br>"
type of pizza,"Type of pizza <br><a class=""chatSuggest"" onclick=""$(this).hide(); chatSuggest('Veg')"";>Veg</a><br><a class=""chatSuggest"" onclick=""$(this).hide(); chatSuggest('Non-Veg')"";>Non-Veg</a><br>"
pizza type,"Type of pizza <br><a class=""chatSuggest"" onclick=""$(this).hide(); chatSuggest('Veg')"";>Veg</a><br><a class=""chatSuggest"" onclick=""$(this).hide(); chatSuggest('Non-Veg')"";>Non-Veg</a><br>"
type,"Type of pizza <br><a class=""chatSuggest"" onclick=""$(this).hide(); chatSuggest('Veg')"";>Veg</a><br><a class=""chatSuggest"" onclick=""$(this).hide(); chatSuggest('Non-Veg')"";>Non-Veg</a><br>"
types of pizza,"Type of pizza <br><a class=""chatSuggest"" onclick=""$(this).hide(); chatSuggest('Veg')"";>Veg</a><br><a class=""chatSuggest"" onclick=""$(this).hide(); chatSuggest('Non-Veg')"";>Non-Veg</a><br>"
size of pizza,"what size of the pizza?<br><a class=""chatSuggest"" onclick=""$(this).hide(); chatSuggest('Small')"";>Small</a><br><a class=""chatSuggest"" onclick=""$(this).hide(); chatSuggest('Medium')"";>Medium</a><br><a class=""chatSuggest"" onclick=""$(this).hide(); chatSuggest('Large')"";>Large</a><br>"
pizza size,"what size of the pizza?<br><a class=""chatSuggest"" onclick=""$(this).hide(); chatSuggest('Small')"";>Small</a><br><a class=""chatSuggest"" onclick=""$(this).hide(); chatSuggest('Medium')"";>Medium</a><br><a class=""chatSuggest"" onclick=""$(this).hide(); chatSuggest('Large')"";>Large</a><br>"
size of pizza,"what size of the pizza?<br><a class=""chatSuggest"" onclick=""$(this).hide(); chatSuggest('Small')"";>Small</a><br><a class=""chatSuggest"" onclick=""$(this).hide(); chatSuggest('Medium')"";>Medium</a><br><a class=""chatSuggest"" onclick=""$(this).hide(); chatSuggest('Large')"";>Large</a><br>"
crust ,"crust size please<br><a class=""chatSuggest"" onclick=""$(this).hide(); chatSuggest('Thin')"";>Thin</a><br><a class=""chatSuggest"" onclick=""$(this).hide(); chatSuggest('Soft')"";>Soft</a><br><a class=""chatSuggest"" onclick=""$(this).hide(); chatSuggest('cheese-stuffed')"";>cheese-stuffed</a><br><a class=""chatSuggest"" onclick=""$(this).hide(); chatSuggest('Flatbread')"";>Flatbread</a><br><a class=""chatSuggest"" onclick=""$(this).hide(); chatSuggest('Sicilian Style')"";>Sicilian Style</a><br><a class=""chatSuggest"" onclick=""$(this).hide(); chatSuggest('Chicago Deep Dish')"";>Chicago Deep Dish</a><br><a class=""chatSuggest"" onclick=""$(this).hide(); chatSuggest('Neapolitan')"";>Neapolitan</a><br>"
crust size,"crust size please<br><a class=""chatSuggest"" onclick=""$(this).hide(); chatSuggest('Thin')"";>Thin</a><br><a class=""chatSuggest"" onclick=""$(this).hide(); chatSuggest('Soft')"";>Soft</a><br><a class=""chatSuggest"" onclick=""$(this).hide(); chatSuggest('cheese-stuffed')"";>cheese-stuffed</a><br><a class=""chatSuggest"" onclick=""$(this).hide(); chatSuggest('Flatbread')"";>Flatbread</a><br><a class=""chatSuggest"" onclick=""$(this).hide(); chatSuggest('Sicilian Style')"";>Sicilian Style</a><br><a class=""chatSuggest"" onclick=""$(this).hide(); chatSuggest('Chicago Deep Dish')"";>Chicago Deep Dish</a><br><a class=""chatSuggest"" onclick=""$(this).hide(); chatSuggest('Neapolitan')"";>Neapolitan</a><br>"
pizza crust size,"crust size please<br><a class=""chatSuggest"" onclick=""$(this).hide(); chatSuggest('Thin')"";>Thin</a><br><a class=""chatSuggest"" onclick=""$(this).hide(); chatSuggest('Soft')"";>Soft</a><br><a class=""chatSuggest"" onclick=""$(this).hide(); chatSuggest('cheese-stuffed')"";>cheese-stuffed</a><br><a class=""chatSuggest"" onclick=""$(this).hide(); chatSuggest('Flatbread')"";>Flatbread</a><br><a class=""chatSuggest"" onclick=""$(this).hide(); chatSuggest('Sicilian Style')"";>Sicilian Style</a><br><a class=""chatSuggest"" onclick=""$(this).hide(); chatSuggest('Chicago Deep Dish')"";>Chicago Deep Dish</a><br><a class=""chatSuggest"" onclick=""$(this).hide(); chatSuggest('Neapolitan')"";>Neapolitan</a><br>"
toppings,"Veg Toppings<br><a class=""chatSuggest"" onclick=""$(this).hide(); chatSuggest('Mushrooms')"";>Mushrooms</a><a class=""chatSuggest"" onclick=""$(this).hide(); chatSuggest('Capsicum(bell pepper)')"";>Capsicum(bell pepper)</a><a class=""chatSuggest"" onclick=""$(this).hide(); chatSuggest('Sun-Dried Tomatoes')"";>Sun-Dried Tomatoes</a><a class=""chatSuggest"" onclick=""$(this).hide(); chatSuggest('Sweet Potato')"";>Sweet Potato </a><br><a class=""chatSuggest"" onclick=""$(this).hide(); chatSuggest('Onion')"";>Onion</a><a class=""chatSuggest"" onclick=""$(this).hide(); chatSuggest('Spinach')"";>Spinach</a><br>Non-Veg Toppings<br><a class=""chatSuggest"" onclick=""$(this).hide(); chatSuggest('Salami')"";>Salami</a><a class=""chatSuggest"" onclick=""$(this).hide(); chatSuggest('Pepperoni')"";>Pepperoni</a><a class=""chatSuggest"" onclick=""$(this).hide(); chatSuggest('Bacon')"";>Bacon</a><a class=""chatSuggest"" onclick=""$(this).hide(); chatSuggest('Chicken breasts')"";>Chicken breasts</a><br><a class=""chatSuggest"" onclick=""$(this).hide(); chatSuggest('Ham')"";>Ham</a><a class=""chatSuggest"" onclick=""$(this).hide(); chatSuggest('Sausages')"";>Sausages</a><br>"
toppings of the pizza,"Veg Toppings<br><a class=""chatSuggest"" onclick=""$(this).hide(); chatSuggest('Mushrooms')"";>Mushrooms</a><a class=""chatSuggest"" onclick=""$(this).hide(); chatSuggest('Capsicum(bell pepper)')"";>Capsicum(bell pepper)</a><a class=""chatSuggest"" onclick=""$(this).hide(); chatSuggest('Sun-Dried Tomatoes')"";>Sun-Dried Tomatoes</a><a class=""chatSuggest"" onclick=""$(this).hide(); chatSuggest('Sweet Potato')"";>Sweet Potato </a><br><a class=""chatSuggest"" onclick=""$(this).hide(); chatSuggest('Onion')"";>Onion</a><a class=""chatSuggest"" onclick=""$(this).hide(); chatSuggest('Spinach')"";>Spinach</a><br>Non-Veg Toppings<br><a class=""chatSuggest"" onclick=""$(this).hide(); chatSuggest('Salami')"";>Salami</a><a class=""chatSuggest"" onclick=""$(this).hide(); chatSuggest('Pepperoni')"";>Pepperoni</a><a class=""chatSuggest"" onclick=""$(this).hide(); chatSuggest('Bacon')"";>Bacon</a><a class=""chatSuggest"" onclick=""$(this).hide(); chatSuggest('Chicken breasts')"";>Chicken breasts</a><br><a class=""chatSuggest"" onclick=""$(this).hide(); chatSuggest('Ham')"";>Ham</a><a class=""chatSuggest"" onclick=""$(this).hide(); chatSuggest('Sausages')"";>Sausages</a><br>"
veg toppings,"Veg Toppings<br><a class=""chatSuggest"" onclick=""$(this).hide(); chatSuggest('Mushrooms')"";>Mushrooms</a><a class=""chatSuggest"" onclick=""$(this).hide(); chatSuggest('Capsicum(bell pepper)')"";>Capsicum(bell pepper)</a><a class=""chatSuggest"" onclick=""$(this).hide(); chatSuggest('Sun-Dried Tomatoes')"";>Sun-Dried Tomatoes</a><a class=""chatSuggest"" onclick=""$(this).hide(); chatSuggest('Sweet Potato')"";>Sweet Potato </a><br><a class=""chatSuggest"" onclick=""$(this).hide(); chatSuggest('Onion')"";>Onion</a><a class=""chatSuggest"" onclick=""$(this).hide(); chatSuggest('Spinach')"";>Spinach</a><br>"
non-veg toppings,"Non-Veg Toppings<br><a class=""chatSuggest"" onclick=""$(this).hide(); chatSuggest('Salami')"";>Salami</a><a class=""chatSuggest"" onclick=""$(this).hide(); chatSuggest('Pepperoni')"";>Pepperoni</a><a class=""chatSuggest"" onclick=""$(this).hide(); chatSuggest('Bacon')"";>Bacon</a><a class=""chatSuggest"" onclick=""$(this).hide(); chatSuggest('Chicken breasts')"";>Chicken breasts</a><br><a class=""chatSuggest"" onclick=""$(this).hide(); chatSuggest('Ham')"";>Ham</a><a class=""chatSuggest"" onclick=""$(this).hide(); chatSuggest('Sausages')"";>Sausages</a><br>"
menu,"Veg Pizza Menu<br>Choose your pizza?<br><a class=""chatSuggest"" onclick=""$(this).hide(); chatSuggest('Margherita')"";>Margherita</a><br><img src=""/static/download.jpg""><br><br><a class=""chatSuggest"" onclick=""$(this).hide(); chatSuggest('Farm pizza')"";>Farm pizza</a><br><img src=""/static/download (1).jpg""><br><br><a class=""chatSuggest"" onclick=""$(this).hide(); chatSuggest('Peppy Paneer')"";>Peppy Paneer</a><br><img src=""/static/download (2).jpg""><br><br><a class=""chatSuggest"" onclick=""$(this).hide(); chatSuggest('Mexican green wave')"";>Mexican green wave</a><br><img src=""/static/download (3).jpg""><br><br>Non-Veg Pizza Menu<br>Choose your pizza?<br><a class=""chatSuggest"" onclick=""$(this).hide(); chatSuggest('Pepper Barbecue Chicken')"";>Pepper Barbecue Chicken</a><br><img src=""/static/download (4).jpg""><br><br><a class=""chatSuggest"" onclick=""$(this).hide(); chatSuggest('Chicken Sausage')"";>Chicken Sausage</a><br><img src=""/static/download (5).jpg""><br><br><a class=""chatSuggest"" onclick=""$(this).hide(); chatSuggest('Chicken Dominator')"";>Chicken Dominator</a><br><img src=""/static/download (6).jpg""><br><br><a class=""chatSuggest"" onclick=""$(this).hide(); chatSuggest('Indi Chicken Tikka')"";>Indi Chicken Tikka</a><br><img src=""/static/download (7).jpg""><br>"
get me the menu,"Veg Pizza Menu<br>Choose your pizza?<br><a class=""chatSuggest"" onclick=""$(this).hide(); chatSuggest('Margherita')"";>Margherita</a><br><img src=""/static/download.jpg""><br><br><a class=""chatSuggest"" onclick=""$(this).hide(); chatSuggest('Farm pizza')"";>Farm pizza</a><br><img src=""/static/download (1).jpg""><br><br><a class=""chatSuggest"" onclick=""$(this).hide(); chatSuggest('Peppy Paneer')"";>Peppy Paneer</a><br><img src=""/static/download (2).jpg""><br><br><a class=""chatSuggest"" onclick=""$(this).hide(); chatSuggest('Mexican green wave')"";>Mexican green wave</a><br><img src=""/static/download (3).jpg""><br><br>Non-Veg Pizza Menu<br>Choose your pizza?<br><a class=""chatSuggest"" onclick=""$(this).hide(); chatSuggest('Pepper Barbecue Chicken')"";>Pepper Barbecue Chicken</a><br><img src=""/static/download (4).jpg""><br><br><a class=""chatSuggest"" onclick=""$(this).hide(); chatSuggest('Chicken Sausage')"";>Chicken Sausage</a><br><img src=""/static/download (5).jpg""><br><br><a class=""chatSuggest"" onclick=""$(this).hide(); chatSuggest('Chicken Dominator')"";>Chicken Dominator</a><br><img src=""/static/download (6).jpg""><br><br><a class=""chatSuggest"" onclick=""$(this).hide(); chatSuggest('Indi Chicken Tikka')"";>Indi Chicken Tikka</a><br><img src=""/static/download (7).jpg""><br>"
get me the menu of today,"Veg Pizza Menu<br>Choose your pizza?<br><a class=""chatSuggest"" onclick=""$(this).hide(); chatSuggest('Margherita')"";>Margherita</a><br><img src=""/static/download.jpg""><br><br><a class=""chatSuggest"" onclick=""$(this).hide(); chatSuggest('Farm pizza')"";>Farm pizza</a><br><img src=""/static/download (1).jpg""><br><br><a class=""chatSuggest"" onclick=""$(this).hide(); chatSuggest('Peppy Paneer')"";>Peppy Paneer</a><br><img src=""/static/download (2).jpg""><br><br><a class=""chatSuggest"" onclick=""$(this).hide(); chatSuggest('Mexican green wave')"";>Mexican green wave</a><br><img src=""/static/download (3).jpg""><br><br>Non-Veg Pizza Menu<br>Choose your pizza?<br><a class=""chatSuggest"" onclick=""$(this).hide(); chatSuggest('Pepper Barbecue Chicken')"";>Pepper Barbecue Chicken</a><br><img src=""/static/download (4).jpg""><br><br><a class=""chatSuggest"" onclick=""$(this).hide(); chatSuggest('Chicken Sausage')"";>Chicken Sausage</a><br><img src=""/static/download (5).jpg""><br><br><a class=""chatSuggest"" onclick=""$(this).hide(); chatSuggest('Chicken Dominator')"";>Chicken Dominator</a><br><img src=""/static/download (6).jpg""><br><br><a class=""chatSuggest"" onclick=""$(this).hide(); chatSuggest('Indi Chicken Tikka')"";>Indi Chicken Tikka</a><br><img src=""/static/download (7).jpg""><br>"
menu card,"Veg Pizza Menu<br>Choose your pizza?<br><a class=""chatSuggest"" onclick=""$(this).hide(); chatSuggest('Margherita')"";>Margherita</a><br><img src=""/static/download.jpg""><br><br><a class=""chatSuggest"" onclick=""$(this).hide(); chatSuggest('Farm pizza')"";>Farm pizza</a><br><img src=""/static/download (1).jpg""><br><br><a class=""chatSuggest"" onclick=""$(this).hide(); chatSuggest('Peppy Paneer')"";>Peppy Paneer</a><br><img src=""/static/download (2).jpg""><br><br><a class=""chatSuggest"" onclick=""$(this).hide(); chatSuggest('Mexican green wave')"";>Mexican green wave</a><br><img src=""/static/download (3).jpg""><br><br>Non-Veg Pizza Menu<br>Choose your pizza?<br><a class=""chatSuggest"" onclick=""$(this).hide(); chatSuggest('Pepper Barbecue Chicken')"";>Pepper Barbecue Chicken</a><br><img src=""/static/download (4).jpg""><br><br><a class=""chatSuggest"" onclick=""$(this).hide(); chatSuggest('Chicken Sausage')"";>Chicken Sausage</a><br><img src=""/static/download (5).jpg""><br><br><a class=""chatSuggest"" onclick=""$(this).hide(); chatSuggest('Chicken Dominator')"";>Chicken Dominator</a><br><img src=""/static/download (6).jpg""><br><br><a class=""chatSuggest"" onclick=""$(this).hide(); chatSuggest('Indi Chicken Tikka')"";>Indi Chicken Tikka</a><br><img src=""/static/download (7).jpg""><br>"
menu please,"Veg Pizza Menu<br>Choose your pizza?<br><a class=""chatSuggest"" onclick=""$(this).hide(); chatSuggest('Margherita')"";>Margherita</a><br><img src=""/static/download.jpg""><br><br><a class=""chatSuggest"" onclick=""$(this).hide(); chatSuggest('Farm pizza')"";>Farm pizza</a><br><img src=""/static/download (1).jpg""><br><br><a class=""chatSuggest"" onclick=""$(this).hide(); chatSuggest('Peppy Paneer')"";>Peppy Paneer</a><br><img src=""/static/download (2).jpg""><br><br><a class=""chatSuggest"" onclick=""$(this).hide(); chatSuggest('Mexican green wave')"";>Mexican green wave</a><br><img src=""/static/download (3).jpg""><br><br>Non-Veg Pizza Menu<br>Choose your pizza?<br><a class=""chatSuggest"" onclick=""$(this).hide(); chatSuggest('Pepper Barbecue Chicken')"";>Pepper Barbecue Chicken</a><br><img src=""/static/download (4).jpg""><br><br><a class=""chatSuggest"" onclick=""$(this).hide(); chatSuggest('Chicken Sausage')"";>Chicken Sausage</a><br><img src=""/static/download (5).jpg""><br><br><a class=""chatSuggest"" onclick=""$(this).hide(); chatSuggest('Chicken Dominator')"";>Chicken Dominator</a><br><img src=""/static/download (6).jpg""><br><br><a class=""chatSuggest"" onclick=""$(this).hide(); chatSuggest('Indi Chicken Tikka')"";>Indi Chicken Tikka</a><br><img src=""/static/download (7).jpg""><br>"
variety of pizza,"Veg Pizza Menu<br>Choose your pizza?<br><a class=""chatSuggest"" onclick=""$(this).hide(); chatSuggest('Margherita')"";>Margherita</a><br><img src=""/static/download.jpg""><br><br><a class=""chatSuggest"" onclick=""$(this).hide(); chatSuggest('Farm pizza')"";>Farm pizza</a><br><img src=""/static/download (1).jpg""><br><br><a class=""chatSuggest"" onclick=""$(this).hide(); chatSuggest('Peppy Paneer')"";>Peppy Paneer</a><br><img src=""/static/download (2).jpg""><br><br><a class=""chatSuggest"" onclick=""$(this).hide(); chatSuggest('Mexican green wave')"";>Mexican green wave</a><br><img src=""/static/download (3).jpg""><br><br>Non-Veg Pizza Menu<br>Choose your pizza?<br><a class=""chatSuggest"" onclick=""$(this).hide(); chatSuggest('Pepper Barbecue Chicken')"";>Pepper Barbecue Chicken</a><br><img src=""/static/download (4).jpg""><br><br><a class=""chatSuggest"" onclick=""$(this).hide(); chatSuggest('Chicken Sausage')"";>Chicken Sausage</a><br><img src=""/static/download (5).jpg""><br><br><a class=""chatSuggest"" onclick=""$(this).hide(); chatSuggest('Chicken Dominator')"";>Chicken Dominator</a><br><img src=""/static/download (6).jpg""><br><br><a class=""chatSuggest"" onclick=""$(this).hide(); chatSuggest('Indi Chicken Tikka')"";>Indi Chicken Tikka</a><br><img src=""/static/download (7).jpg""><br>"
pizza variety,"Veg Pizza Menu<br>Choose your pizza?<br><a class=""chatSuggest"" onclick=""$(this).hide(); chatSuggest('Margherita')"";>Margherita</a><br><img src=""/static/download.jpg""><br><br><a class=""chatSuggest"" onclick=""$(this).hide(); chatSuggest('Farm pizza')"";>Farm pizza</a><br><img src=""/static/download (1).jpg""><br><br><a class=""chatSuggest"" onclick=""$(this).hide(); chatSuggest('Peppy Paneer')"";>Peppy Paneer</a><br><img src=""/static/download (2).jpg""><br><br><a class=""chatSuggest"" onclick=""$(this).hide(); chatSuggest('Mexican green wave')"";>Mexican green wave</a><br><img src=""/static/download (3).jpg""><br><br>Non-Veg Pizza Menu<br>Choose your pizza?<br><a class=""chatSuggest"" onclick=""$(this).hide(); chatSuggest('Pepper Barbecue Chicken')"";>Pepper Barbecue Chicken</a><br><img src=""/static/download (4).jpg""><br><br><a class=""chatSuggest"" onclick=""$(this).hide(); chatSuggest('Chicken Sausage')"";>Chicken Sausage</a><br><img src=""/static/download (5).jpg""><br><br><a class=""chatSuggest"" onclick=""$(this).hide(); chatSuggest('Chicken Dominator')"";>Chicken Dominator</a><br><img src=""/static/download (6).jpg""><br><br><a class=""chatSuggest"" onclick=""$(this).hide(); chatSuggest('Indi Chicken Tikka')"";>Indi Chicken Tikka</a><br><img src=""/static/download (7).jpg""><br>"
get the menu card,"Veg Pizza Menu<br>Choose your pizza?<br><a class=""chatSuggest"" onclick=""$(this).hide(); chatSuggest('Margherita')"";>Margherita</a><br><img src=""/static/download.jpg""><br><br><a class=""chatSuggest"" onclick=""$(this).hide(); chatSuggest('Farm pizza')"";>Farm pizza</a><br><img src=""/static/download (1).jpg""><br><br><a class=""chatSuggest"" onclick=""$(this).hide(); chatSuggest('Peppy Paneer')"";>Peppy Paneer</a><br><img src=""/static/download (2).jpg""><br><br><a class=""chatSuggest"" onclick=""$(this).hide(); chatSuggest('Mexican green wave')"";>Mexican green wave</a><br><img src=""/static/download (3).jpg""><br><br>Non-Veg Pizza Menu<br>Choose your pizza?<br><a class=""chatSuggest"" onclick=""$(this).hide(); chatSuggest('Pepper Barbecue Chicken')"";>Pepper Barbecue Chicken</a><br><img src=""/static/download (4).jpg""><br><br><a class=""chatSuggest"" onclick=""$(this).hide(); chatSuggest('Chicken Sausage')"";>Chicken Sausage</a><br><img src=""/static/download (5).jpg""><br><br><a class=""chatSuggest"" onclick=""$(this).hide(); chatSuggest('Chicken Dominator')"";>Chicken Dominator</a><br><img src=""/static/download (6).jpg""><br><br><a class=""chatSuggest"" onclick=""$(this).hide(); chatSuggest('Indi Chicken Tikka')"";>Indi Chicken Tikka</a><br><img src=""/static/download (7).jpg""><br>"
what is special today,"Veg Pizza Menu<br>Choose your pizza?<br><a class=""chatSuggest"" onclick=""$(this).hide(); chatSuggest('Margherita')"";>Margherita</a><br><img src=""/static/download.jpg""><br><br><a class=""chatSuggest"" onclick=""$(this).hide(); chatSuggest('Farm pizza')"";>Farm pizza</a><br><img src=""/static/download (1).jpg""><br><br><a class=""chatSuggest"" onclick=""$(this).hide(); chatSuggest('Peppy Paneer')"";>Peppy Paneer</a><br><img src=""/static/download (2).jpg""><br><br><a class=""chatSuggest"" onclick=""$(this).hide(); chatSuggest('Mexican green wave')"";>Mexican green wave</a><br><img src=""/static/download (3).jpg""><br><br>Non-Veg Pizza Menu<br>Choose your pizza?<br><a class=""chatSuggest"" onclick=""$(this).hide(); chatSuggest('Pepper Barbecue Chicken')"";>Pepper Barbecue Chicken</a><br><img src=""/static/download (4).jpg""><br><br><a class=""chatSuggest"" onclick=""$(this).hide(); chatSuggest('Chicken Sausage')"";>Chicken Sausage</a><br><img src=""/static/download (5).jpg""><br><br><a class=""chatSuggest"" onclick=""$(this).hide(); chatSuggest('Chicken Dominator')"";>Chicken Dominator</a><br><img src=""/static/download (6).jpg""><br><br><a class=""chatSuggest"" onclick=""$(this).hide(); chatSuggest('Indi Chicken Tikka')"";>Indi Chicken Tikka</a><br><img src=""/static/download (7).jpg""><br>"